N_MODEL,HIDDEN_SIZE,N_LAYERS,DIRECTIONS,RECALL,PERCISION,F1,RECALL_WO_O,PERCISION_WO_O,F1_WO_O
Model1,500,1,1,0.7967972825427636,0.6701586904116622,0.7071793623820135,0.0011933174224343676,0.25894988066825775,0.0023756869786078693
Model2,500,2,1,0.7967972825427636,0.6874203382379137,0.7068084952572865,0.0005966587112171838,0.25894988066825775,0.0011905741639919897
