N_MODEL,HIDDEN_SIZE,N_LAYERS,DIRECTIONS,RECALL,PERCISION,F1,RECALL_WO_O,PERCISION_WO_O,F1_WO_O
Model1,500,1,1,0.8210602935824336,0.7752196194410449,0.7589438105751836,0.12231503579952267,0.587510975221376,0.19167439070487685
Model2,500,2,1,0.8209389785272352,0.7530254817722476,0.7680025713403124,0.1766109785202864,0.34880774871970716,0.1840741957446455
