N_MODEL,HIDDEN_SIZE,N_LAYERS,DIRECTIONS,RECALL,PERCISION,F1,RECALL_WO_O,PERCISION_WO_O,F1_WO_O
best_model,800,1,2,0.8880262040519229,0.8832432741361876,0.8843588180729749,0.5894988066825776,0.7794728347670722,0.6683241529826347
