N_MODEL,HIDDEN_SIZE,N_LAYERS,DIRECTIONS,RECALL,PERCISION,F1,RECALL_WO_O,PERCISION_WO_O,F1_WO_O
Model1,500,1,1,0.0059665871121718375,,0.011743799798276042,0.0059665871121718375,,0.011743799798276042
Model2,500,2,1,0.0,,0.0,0.0,,0.0
Model3,500,3,1,0.0,,0.0,0.0,,0.0
Model4,500,1,2,0.07517899761336516,,0.12757506033042051,0.07517899761336516,,0.12757506033042051
Model5,500,2,2,0.04474940334128878,,0.07666403083212324,0.04474940334128878,,0.07666403083212324
Model6,500,3,2,0.034606205250596656,,0.058231595373600155,0.034606205250596656,,0.058231595373600155
Model7,800,1,2,0.2756563245823389,,0.3722853564575326,0.2756563245823389,,0.3722853564575326
Model8,800,2,2,0.20704057279236276,,0.3114810171894106,0.20704057279236276,,0.3114810171894106
Model9,800,3,2,0.10799522673031026,,0.174481868300422,0.10799522673031026,,0.174481868300422
