N_MODEL,HIDDEN_SIZE,N_LAYERS,DIRECTIONS,RECALL,PERCISION,F1,RECALL_WO_O,PERCISION_WO_O,F1_WO_O
Model1,500,1,1,0.7966759674875652,0.6523772352495223,0.7067952161658938,0.0005966587112171838,0.12947494033412887,0.0011878434893039347
Model2,500,2,1,0.7966759674875652,0.634692597172248,0.7065187141783714,0.0,0.0,0.0
Model3,500,3,1,0.7966759674875652,0.634692597172248,0.7065187141783714,0.0,0.0,0.0
