N_MODEL,HIDDEN_SIZE,N_LAYERS,DIRECTIONS,RECALL,PERCISION,F1,RECALL_WO_O,PERCISION_WO_O,F1_WO_O
Model1,500,1,1,0.7969185975979619,0.6651247114643081,0.7075926518756293,0.002386634844868735,0.20715990453460623,0.004718904431312214
Model2,500,2,1,0.7966759674875652,0.634692597172248,0.7065187141783714,0.0,0.0,0.0
Model3,500,3,1,0.7966759674875652,0.634692597172248,0.7065187141783714,0.0,0.0,0.0
