N_MODEL,HIDDEN_SIZE,N_LAYERS,DIRECTIONS,RECALL,PERCISION,F1,RECALL_WO_O,PERCISION_WO_O,F1_WO_O
Model1,500,1,1,0.9413684210526316,,0.9135315484628587,0.9528596802841919,,0.9302339332590274
Model2,500,2,1,0.9411929824561404,,0.9126802314150644,0.9528952042628774,,0.9299109018498718
Model3,500,3,1,0.9411929824561404,,0.9126802314150644,0.9528952042628774,,0.9299109018498718
Model4,500,1,2,0.9451228070175438,,0.9219360369764861,0.9565541740674955,,0.9384767361853965
