N_MODEL,HIDDEN_SIZE,N_LAYERS,DIRECTIONS,RECALL,PERCISION,F1,RECALL_WO_O,PERCISION_WO_O,F1_WO_O
best_model,800,1,2,0.8905738202110882,0.8849815543483583,0.8864522972337379,0.5984486873508353,0.7885609557495072,0.6762407207265744
