N_MODEL,HIDDEN_SIZE,N_LAYERS,DIRECTIONS,RECALL,PERCISION,F1,RECALL_WO_O,PERCISION_WO_O,F1_WO_O
Model1,500,1,1,0.8470217153948805,0.8165134165249914,0.8214953816939743,0.3556085918854415,0.6533878014833041,0.4345750972230148
Model2,500,2,1,0.8493267014436492,0.8246120257928217,0.823079025472504,0.36515513126491644,0.6839152667127972,0.4441177326381428
Model3,500,3,1,0.8436248938493267,0.8210281923284813,0.8249307318538969,0.37291169451073986,0.6791106260100309,0.4622582734314736
Model4,500,1,2,0.848598811112459,0.8338559415745432,0.8276566990378678,0.3937947494033413,0.7234761932550499,0.47345792412677923
Model5,500,2,2,0.8471430304500789,0.8298977742136702,0.8249819583133057,0.3532219570405728,0.702334881528823,0.44511334292901333
Model6,500,3,2,0.8456872497876986,0.8283757780131262,0.820514586295437,0.35799522673031026,0.695388189679735,0.42939482773512383
Model7,800,1,2,0.8411985927453597,0.823031958494298,0.8291223585814113,0.4051312649164678,0.6708821577637589,0.49887428746384294
Model8,800,2,2,0.8444740992357151,0.8222648864122905,0.816859080788221,0.34307875894988066,0.7012659971047482,0.4197440749711134
Model9,800,3,2,0.840955962634963,0.8195338115726774,0.8256684939836505,0.37828162291169454,0.6498768941170302,0.46926059128790754
