N_MODEL,HIDDEN_SIZE,N_LAYERS,DIRECTIONS,RECALL,PERCISION,F1,RECALL_WO_O,PERCISION_WO_O,F1_WO_O
best_model,800,1,2,0.8910590804318816,0.8820388425744687,0.8820347139588609,0.5727923627684964,0.7771372847275587,0.6417549206463974
