N_MODEL,HIDDEN_SIZE,N_LAYERS,DIRECTIONS,RECALL,PERCISION,F1,RECALL_WO_O,PERCISION_WO_O,F1_WO_O
Model1,500,1,1,0.7971612277083586,0.6728201021477185,0.7079868144106556,0.0029832935560859188,0.21579156722354814,0.0058852245606422215
Model2,500,2,1,0.7966759674875652,0.634692597172248,0.7065187141783714,0.0,0.0,0.0
Model3,500,3,1,0.7966759674875652,0.634692597172248,0.7065187141783714,0.0,0.0,0.0
Model4,500,1,2,0.802135144971491,0.706743666500901,0.7197371806749057,0.02684964200477327,0.3276300490532371,0.048509866066305946
Model5,500,2,2,0.804561446075458,0.7043520240930166,0.7338262415117581,0.05906921241050119,0.31241197442470314,0.09931453854067279
Model6,500,3,2,0.8012859395851025,0.6987964484892027,0.7335816106125591,0.06205250596658711,0.2950374305723255,0.10139092959336947
Model7,800,1,2,0.8404707024141695,0.7700529927707628,0.7917628237065852,0.22195704057279236,0.47166050185960295,0.30143544805859135
Model8,800,2,2,0.852723522989203,0.7949216280897266,0.8125310909570657,0.2822195704057279,0.5129203889496761,0.3582233915732058
Model9,800,3,2,0.8612155768530875,0.8078398630578674,0.8302172529228016,0.3585918854415274,0.4766891690753846,0.40183829999463216
