N_MODEL,HIDDEN_SIZE,N_LAYERS,DIRECTIONS,RECALL,PERCISION,F1,RECALL_WO_O,PERCISION_WO_O,F1_WO_O
Model1,500,1,1,0.9413684210526316,0.9067584864947464,0.9135315484628587,0.9528596802841919,0.9239722099467014,0.9302339332590274
Model2,500,2,1,0.9411929824561404,0.8858442302246845,0.9126802314150644,0.9528952042628774,0.9080092703071909,0.9299109018498718
Model3,500,3,1,0.9411929824561404,0.8858442302246845,0.9126802314150644,0.9528952042628774,0.9080092703071909,0.9299109018498718
Model4,500,1,2,0.9451228070175438,0.9323729037311371,0.9219360369764861,0.9565541740674955,0.9466844284559006,0.9384767361853965
Model5,500,2,2,0.9434736842105264,0.915635412731402,0.9184593986787725,0.9532149200710479,0.9273993239593432,0.9314429403799788
Model6,500,3,2,0.9429824561403509,0.8982593051370514,0.9168639941606049,0.952753108348135,0.9081642222497556,0.929924474786878
Model7,800,1,2,0.9521754385964912,0.9368713966189827,0.9367311825808244,0.9630905861456484,0.9513545615192132,0.9521409435191949
Model8,800,2,2,0.9514385964912281,0.9380519905270605,0.9351809881540505,0.9608525754884547,0.9500927884186058,0.9477342597083818
Model9,800,3,2,0.9446315789473684,0.9325168717643189,0.9255065908902287,0.9539253996447602,0.9454263540577859,0.9380319531546456
